First,Last,Gender
William,Thompson,Male
Alisa,Perry,Female
Naomi,Cooper,Female
Evelyn,Myers,Female
Rebecca,Carter,Female
Rafael,West,Male
Alen,Russell,Male
Sophia,Evans,Female
Frederick,Phillips,Male
Preston,Moore,Male
Brooke,Campbell,Female
Carlos,Perkins,Male
Darcy,Hawkins,Female
Aida,Spencer,Female
Lilianna,Hill,Female
Charlotte,Bennett,Female
Amber,Allen,Female
Adison,Lloyd,Male
Ted,Morris,Male
Carl,Johnston,Male
Isabella,Taylor,Female
Daniel,Anderson,Male
Madaline,Stevens,Female
Oscar,Edwards,Male
Savana,Mason,Female
Dominik,Grant,Male
Deanna,Watson,Female
Samantha,Miller,Female
Thomas,Foster,Male
George,Reed,Male
Harold,Carter,Male
Maria,Williams,Female
Jacob,Moore,Male
Daryl,Douglas,Male
Mary,Crawford,Female
Nicholas,Brown,Male
Sydney,Kelley,Female
Antony,Dixon,Male
Charlie,Nelson,Male
Byron,Cole,Male
Heather,Spencer,Female
Victor,Thompson,Male
Edith,Carter,Female
Eric,Perkins,Male
Edgar,Turner,Male
Gianna,Richards,Female
Haris,Howard,Male
Oliver,Farrell,Male
Alina,Armstrong,Female
Kirsten,Evans,Female
Kevin,Gibson,Male
Chelsea,Walker,Female
Emily,Howard,Female
Julian,Davis,Male
Jared,Alexander,Male
Tyler,Ryan,Male
Wilson,Richardson,Male
Chester,Stewart,Male
Miranda,Wells,Female
Daisy,Evans,Female
Alexia,Cunningham,Female
Max,Davis,Male
Justin,Morgan,Male
Jasmine,Brooks,Female
Amelia,Harris,Female
Abigail,Stewart,Female
Carina,Thompson,Female
Elise,Phillips,Female
Belinda,Stevens,Female
Lily,Nelson,Female
Brad,Cooper,Male
Albert,Murphy,Male
Leonardo,Wells,Male
Adele,Harris,Female
Agata,Payne,Female
Violet,Cameron,Female
Cadie,Mitchell,Female
Arthur,Nelson,Male
Jessica,Johnson,Female
Alfred,Walker,Male
Michelle,Kelley,Female
Owen,Ryan,Male
Robert,Stewart,Male
Kristian,Smith,Male
Fenton,Fowler,Male
Adrianna,Reed,Female
Edward,Morgan,Male
Hailey,Lloyd,Female
Marcus,Morrison,Male
Grace,Alexander,Female
Victoria,Gibson,Female
Adelaide,Reed,Female
Emma,Parker,Female
Arnold,Murphy,Male
Lana,Fowler,Female
Abraham,Richards,Male
Jack,Evans,Male
Alberta,Phillips,Female
Michael,Parker,Male
Vanessa,Tucker,Female
Steven,Barrett,Male
Stella,Bennett,Female
Sofia,Wright,Female
Maddie,West,Female
Garry,Harris,Male
James,Higgins,Male
Lucas,Roberts,Male
April,Russell,Female
Vincent,Warren,Male
Walter,Smith,Male
Mike,Holmes,Male
Alford,Wells,Male
Anna,Thompson,Female
Melanie,Taylor,Female
Adrian,Johnson,Male
Jordan,Hawkins,Male
Natalie,Clark,Female
Florrie,Hunt,Female
Tony,Hill,Male
Luke,Parker,Male
Aldus,Lloyd,Male
Adam,Sullivan,Male
Alissa,Douglas,Female
Patrick,Harper,Male
Tess,Grant,Female
Ned,Stevens,Male
Spike,Ross,Male
Sienna,Jones,Female
Miley,Jones,Female
Caroline,Wells,Female
Audrey,West,Female
Sabrina,Murphy,Female
Dainton,Grant,Male
Annabella,Montgomery,Female
Aiden,Cole,Male
Catherine,Harris,Female
Ryan,Stevens,Male
Derek,Bennett,Male
Reid,Bailey,Male
Sarah,Gibson,Female
Vivian,Moore,Female
Elian,Murphy,Male
Tiana,Roberts,Female
Dale,Henderson,Male
Alan,Harper,Male
Lyndon,West,Male
Martin,Mitchell,Male
Myra,Riley,Female
Paige,Harper,Female
Eddy,Kelley,Male
Ada,Casey,Female
Blake,Perry,Male
Nicole,Alexander,Female
Lucia,Henderson,Female
Rosie,Martin,Female
Arianna,Wright,Female
Melissa,Ross,Female
Tara,Rogers,Female
Amy,Taylor,Female
Roland,West,Male
Amanda,Evans,Female
Ashton,Edwards,Male
John,Baker,Male
Sam,Brown,Male
Sawyer,Riley,Male
Briony,Hall,Female
Ellia,Russell,Female
Kellan,Jones,Male
Bruce,Edwards,Male
Valeria,Murphy,Female
Kimberly,Mitchell,Female
Clark,Brown,Male
Connie,Baker,Female
Olivia,Harper,Female
Dexter,Kong,Male
Frida,Rojo,Female
Mai,Tran,Female
Cecil,Glass,Male
Osvaldo,Ferguson,Male
Justin,Summers,Male
Simon,Mercado,Male
Jerald,Carpenter,Male
Rupert,Holmes,Male
Herbert,Mann,Male
Logan,Rosales,Male
Curt,Erickson,Male
Loren,Krause,Male
Jake,Beasley,Male
Jae,Riddle,Male
Sheila,Rollins,Female
Cindy,Maxwell,Female
Savannah,Jenkins,Female
Kathrine,Werner,Female
Candace,Olsen,Female
Elvia,Hall,Female
Juana,Thompson,Female
Lori,Baird,Female
Hilda,Logan,Female
Genevieve,Morris,Female